changepoint,frequency,score
2,56,1
8,55,0.9821428571428571
10,40,0.7142857142857143
7,15,0.26785714285714285
6,8,0.14285714285714285
4,5,0.08928571428571429
