series1,series2,dist,pair_id
C2,C1,0.1556465097265066,C2_C1
C3,C1,0.5302618279370165,C3_C1
C4,C1,0.5302618279370165,C4_C1
C5,C1,0.5302618279370165,C5_C1
C6,C1,0.5302618279370165,C6_C1
C7,C1,0.5302618279370165,C7_C1
Enterobacteriaceae,C1,0.5951390202812235,Enterobacteriaceae_C1
Lactobacillaceae,C1,0.1556465097265066,Lactobacillaceae_C1
Paenibacillaceae,C1,0.1556465097265066,Paenibacillaceae_C1
C3,C2,0.5302618279370165,C3_C2
C4,C2,0.5302618279370165,C4_C2
C5,C2,0.5302618279370165,C5_C2
C6,C2,0.5302618279370165,C6_C2
C7,C2,0.5302618279370165,C7_C2
Enterobacteriaceae,C2,0.5951390202812235,Enterobacteriaceae_C2
Lactobacillaceae,C2,0.14274839537922035,Lactobacillaceae_C2
Paenibacillaceae,C2,0.08686292401550111,Paenibacillaceae_C2
C4,C3,0.2793320583472906,C4_C3
C5,C3,0.2793320583472906,C5_C3
C6,C3,0.2793320583472906,C6_C3
C7,C3,0.2793320583472906,C7_C3
Enterobacteriaceae,C3,0.5951390202812235,Enterobacteriaceae_C3
Lactobacillaceae,C3,0.5302618279370165,Lactobacillaceae_C3
Paenibacillaceae,C3,0.5302618279370165,Paenibacillaceae_C3
C5,C4,0.16911198753432205,C5_C4
C6,C4,0.16911198753432205,C6_C4
C7,C4,0.1014901292164454,C7_C4
Enterobacteriaceae,C4,0.5951390202812235,Enterobacteriaceae_C4
Lactobacillaceae,C4,0.5302618279370165,Lactobacillaceae_C4
Paenibacillaceae,C4,0.5302618279370165,Paenibacillaceae_C4
C6,C5,0.09336421532174322,C6_C5
C7,C5,0.16911198753432205,C7_C5
Enterobacteriaceae,C5,0.5951390202812235,Enterobacteriaceae_C5
Lactobacillaceae,C5,0.5302618279370165,Lactobacillaceae_C5
Paenibacillaceae,C5,0.5302618279370165,Paenibacillaceae_C5
C7,C6,0.16911198753432205,C7_C6
Enterobacteriaceae,C6,0.5951390202812235,Enterobacteriaceae_C6
Lactobacillaceae,C6,0.5302618279370165,Lactobacillaceae_C6
Paenibacillaceae,C6,0.5302618279370165,Paenibacillaceae_C6
Enterobacteriaceae,C7,0.5951390202812235,Enterobacteriaceae_C7
Lactobacillaceae,C7,0.5302618279370165,Lactobacillaceae_C7
Paenibacillaceae,C7,0.5302618279370165,Paenibacillaceae_C7
Lactobacillaceae,Enterobacteriaceae,0.5951390202812235,Lactobacillaceae_Enterobacteriaceae
Paenibacillaceae,Enterobacteriaceae,0.5951390202812235,Paenibacillaceae_Enterobacteriaceae
Paenibacillaceae,Lactobacillaceae,0.14274839537922035,Paenibacillaceae_Lactobacillaceae
