changepoint,frequency,score
5,28,1
2,23,0.8214285714285714
4,9,0.32142857142857145
