changepoint,frequency,score
3,64,1
9,51,0.796875
4,44,0.6875
13,25,0.390625
11,19,0.296875
14,15,0.234375
12,14,0.21875
8,9,0.140625
15,3,0.046875
5,1,0.015625
