changepoint,frequency,score
3,64,1
10,64,1
12,47,0.734375
5,33,0.515625
9,12,0.1875
8,7,0.109375
15,3,0.046875
