changepoint,frequency,score
3,24,1
4,24,1
2,5,0.20833333333333334
5,5,0.20833333333333334
