changepoint,frequency,score
12,60,1
6,48,0.8
3,46,0.7666666666666667
7,37,0.6166666666666667
10,33,0.55
9,5,0.08333333333333333
4,1,0.016666666666666666
