changepoint,frequency,score
12,60,1
3,53,0.8833333333333333
6,37,0.6166666666666667
8,16,0.26666666666666666
13,10,0.16666666666666666
2,3,0.05
14,1,0.016666666666666666
